[ { "activeCompressor": 0, "activeEq": 1, "color": "#D9D9D9", "cpAttack": 0.01, "cpBias": 0.0, "cpGain": 0.0, "cpHpf": 50.0, "cpKnee": 0.0, "cpLookahead": 0.0, "cpRatio": 4.0, "cpRelease": 0.1, "cpSaturate": 1, "cpThresh": 0, "cpTrim": 0.0, "hiPassBypass": 1, "hiPassFreq": 100, "hiPassGain": 0, "hiPassRq": 1.4, "hiPeakBypass": 0, "hiPeakFreq": 3500, "hiPeakGain": 0, "hiPeakRq": 1, "hiShelfBypass": 0, "hiShelfFreq": 6000, "hiShelfGain": 0, "hiShelfRs": 1, "label": "d1", "loPassBypass": 1, "loPassFreq": 8000, "loPassGain": 0, "loPassRq": 1.4, "loPeakBypass": 0, "loPeakFreq": 250, "loPeakGain": 0, "loPeakRq": 1, "loShelfBypass": 0, "loShelfFreq": 150, "loShelfGain": 0, "loShelfRs": 1, "masterGain": 1.0, "midPeakBypass": 0, "midPeakFreq": 1000, "midPeakGain": 0, "midPeakRq": 1, "pan": 0.5, "reverb": 0.0 }, { "activeCompressor": 0, "activeEq": 1, "color": "#D9D9D9", "cpAttack": 0.01, "cpBias": 0.0, "cpGain": 0.0, "cpHpf": 50, "cpKnee": 0.0, "cpLookahead": 0.0, "cpRatio": 4, "cpRelease": 0.1, "cpSaturate": 1, "cpThresh": 0, "cpTrim": 0.0, "hiPassBypass": 1, "hiPassFreq": 100, "hiPassGain": 0, "hiPassRq": 1.4, "hiPeakBypass": 0, "hiPeakFreq": 3500, "hiPeakGain": 0, "hiPeakRq": 1, "hiShelfBypass": 0, "hiShelfFreq": 6000, "hiShelfGain": 0, "hiShelfRs": 1, "label": "d2", "loPassBypass": 1, "loPassFreq": 8000, "loPassGain": 0, "loPassRq": 1.4, "loPeakBypass": 0, "loPeakFreq": 250, "loPeakGain": 0, "loPeakRq": 1, "loShelfBypass": 0, "loShelfFreq": 150, "loShelfGain": 0, "loShelfRs": 1, "masterGain": 1.0, "midPeakBypass": 0, "midPeakFreq": 1000, "midPeakGain": 0, "midPeakRq": 1, "pan": 0.5, "reverb": 0.0 }, { "activeCompressor": 0, "activeEq": 1, "color": "#D9D9D9", "cpAttack": 0.01, "cpBias": 0.0, "cpGain": 0.0, "cpHpf": 50, "cpKnee": 0.0, "cpLookahead": 0.0, "cpRatio": 4, "cpRelease": 0.1, "cpSaturate": 1, "cpThresh": 0, "cpTrim": 0.0, "hiPassBypass": 1, "hiPassFreq": 100, "hiPassGain": 0, "hiPassRq": 1.4, "hiPeakBypass": 0, "hiPeakFreq": 3500, "hiPeakGain": 0, "hiPeakRq": 1, "hiShelfBypass": 0, "hiShelfFreq": 6000, "hiShelfGain": 0, "hiShelfRs": 1, "label": "d3", "loPassBypass": 1, "loPassFreq": 8000, "loPassGain": 0, "loPassRq": 1.4, "loPeakBypass": 0, "loPeakFreq": 250, "loPeakGain": 0, "loPeakRq": 1, "loShelfBypass": 0, "loShelfFreq": 150, "loShelfGain": 0, "loShelfRs": 1, "masterGain": 1.0, "midPeakBypass": 0, "midPeakFreq": 1000, "midPeakGain": 0, "midPeakRq": 1, "pan": 0.5, "reverb": 0.0 }, { "activeCompressor": 0, "activeEq": 1, "color": "#D9D9D9", "cpAttack": 0.01, "cpBias": 0.0, "cpGain": 0.0, "cpHpf": 50, "cpKnee": 0.0, "cpLookahead": 0.0, "cpRatio": 4, "cpRelease": 0.1, "cpSaturate": 1, "cpThresh": 0, "cpTrim": 0.0, "hiPassBypass": 1, "hiPassFreq": 100, "hiPassGain": 0, "hiPassRq": 1.4, "hiPeakBypass": 0, "hiPeakFreq": 3500, "hiPeakGain": 0, "hiPeakRq": 1, "hiShelfBypass": 0, "hiShelfFreq": 6000, "hiShelfGain": 0, "hiShelfRs": 1, "label": "d4", "loPassBypass": 1, "loPassFreq": 8000, "loPassGain": 0, "loPassRq": 1.4, "loPeakBypass": 0, "loPeakFreq": 250, "loPeakGain": 0, "loPeakRq": 1, "loShelfBypass": 0, "loShelfFreq": 150, "loShelfGain": 0, "loShelfRs": 1, "masterGain": 1.0, "midPeakBypass": 0, "midPeakFreq": 1000, "midPeakGain": 0, "midPeakRq": 1, "pan": 0.5, "reverb": 0.0 }, { "activeCompressor": 0, "activeEq": 1, "color": "#D9D9D9", "cpAttack": 0.01, "cpBias": 0.0, "cpGain": 0.0, "cpHpf": 50.0, "cpKnee": 0.0, "cpLookahead": 0.0, "cpRatio": 4.0, "cpRelease": 0.1, "cpSaturate": 1, "cpThresh": 0, "cpTrim": 0.0, "hiPassBypass": 0, "hiPassFreq": 280.0, "hiPassGain": 0, "hiPassRq": 1.4, "hiPeakBypass": 0, "hiPeakFreq": 3500, "hiPeakGain": 0, "hiPeakRq": 1, "hiShelfBypass": 0, "hiShelfFreq": 6000, "hiShelfGain": 0, "hiShelfRs": 1, "label": "d5", "loPassBypass": 0, "loPassFreq": 4822.0, "loPassGain": 0.75, "loPassRq": 1.4, "loPeakBypass": 0, "loPeakFreq": 250, "loPeakGain": 0, "loPeakRq": 1, "loShelfBypass": 0, "loShelfFreq": 150, "loShelfGain": 0, "loShelfRs": 1, "masterGain": 1.0461242362593, "midPeakBypass": 0, "midPeakFreq": 418.0, "midPeakGain": 6.75, "midPeakRq": 1, "pan": 0.5, "reverb": 0.0 }, { "activeCompressor": 0, "activeEq": 1, "color": "#D9D9D9", "cpAttack": 0.01, "cpBias": 0.0, "cpGain": 0.0, "cpHpf": 50.0, "cpKnee": 0.0, "cpLookahead": 0.0, "cpRatio": 4.0, "cpRelease": 0.1, "cpSaturate": 1, "cpThresh": 0, "cpTrim": 0.0, "hiPassBypass": 1, "hiPassFreq": 334.0, "hiPassGain": -0.5, "hiPassRq": 1.4, "hiPeakBypass": 0, "hiPeakFreq": 3164.0, "hiPeakGain": 1.25, "hiPeakRq": 1, "hiShelfBypass": 0, "hiShelfFreq": 2826.0, "hiShelfGain": 6.25, "hiShelfRs": 1, "label": "d6", "loPassBypass": 0, "loPassFreq": 508.0, "loPassGain": 0.0, "loPassRq": 1.4, "loPeakBypass": 0, "loPeakFreq": 418.0, "loPeakGain": 6.75, "loPeakRq": 1, "loShelfBypass": 0, "loShelfFreq": 150, "loShelfGain": 0, "loShelfRs": 1, "masterGain": 0.67901869981679, "midPeakBypass": 0, "midPeakFreq": 1000, "midPeakGain": 0, "midPeakRq": 1, "pan": 0.5, "reverb": 0.0 }, { "activeCompressor": 0, "activeEq": 1, "color": "#D9D9D9", "cpAttack": 0.01, "cpBias": 0.0, "cpGain": 0.0, "cpHpf": 50.0, "cpKnee": 0.0, "cpLookahead": 0.0, "cpRatio": 4.0, "cpRelease": 0.1, "cpSaturate": 1, "cpThresh": 0, "cpTrim": 0.0, "hiPassBypass": 1, "hiPassFreq": 100, "hiPassGain": 0, "hiPassRq": 1.4, "hiPeakBypass": 0, "hiPeakFreq": 3500, "hiPeakGain": 0, "hiPeakRq": 1, "hiShelfBypass": 0, "hiShelfFreq": 6000, "hiShelfGain": 0, "hiShelfRs": 1, "label": "d7", "loPassBypass": 1, "loPassFreq": 301.0, "loPassGain": 0, "loPassRq": 1.4, "loPeakBypass": 0, "loPeakFreq": 219.0, "loPeakGain": 0.0, "loPeakRq": 1, "loShelfBypass": 0, "loShelfFreq": 150, "loShelfGain": 0, "loShelfRs": 1, "masterGain": 1.0, "midPeakBypass": 0, "midPeakFreq": 1000, "midPeakGain": 0, "midPeakRq": 1, "pan": 0.5, "reverb": 0.0 }, { "activeCompressor": 0, "activeEq": 1, "color": "#D9D9D9", "cpAttack": 0.01, "cpBias": 0.0, "cpGain": 0.0, "cpHpf": 50, "cpKnee": 0.0, "cpLookahead": 0.0, "cpRatio": 4, "cpRelease": 0.1, "cpSaturate": 1, "cpThresh": 0, "cpTrim": 0.0, "hiPassBypass": 1, "hiPassFreq": 100, "hiPassGain": 0, "hiPassRq": 1.4, "hiPeakBypass": 0, "hiPeakFreq": 3500, "hiPeakGain": 0, "hiPeakRq": 1, "hiShelfBypass": 0, "hiShelfFreq": 6000, "hiShelfGain": 0, "hiShelfRs": 1, "label": "d8", "loPassBypass": 1, "loPassFreq": 8000, "loPassGain": 0, "loPassRq": 1.4, "loPeakBypass": 0, "loPeakFreq": 250, "loPeakGain": 0, "loPeakRq": 1, "loShelfBypass": 0, "loShelfFreq": 150, "loShelfGain": 0, "loShelfRs": 1, "masterGain": 1.0, "midPeakBypass": 0, "midPeakFreq": 1000, "midPeakGain": 0, "midPeakRq": 1, "pan": 0.5, "reverb": 0.0 }, { "activeCompressor": 0, "activeEq": 1, "color": "#D9D9D9", "cpAttack": 0.01, "cpBias": 0.0, "cpGain": 0.0, "cpHpf": 50, "cpKnee": 0.0, "cpLookahead": 0.0, "cpRatio": 4, "cpRelease": 0.1, "cpSaturate": 1, "cpThresh": 0, "cpTrim": 0.0, "hiPassBypass": 1, "hiPassFreq": 100, "hiPassGain": 0, "hiPassRq": 1.4, "hiPeakBypass": 0, "hiPeakFreq": 3500, "hiPeakGain": 0, "hiPeakRq": 1, "hiShelfBypass": 0, "hiShelfFreq": 6000, "hiShelfGain": 0, "hiShelfRs": 1, "label": "d9", "loPassBypass": 1, "loPassFreq": 8000, "loPassGain": 0, "loPassRq": 1.4, "loPeakBypass": 0, "loPeakFreq": 250, "loPeakGain": 0, "loPeakRq": 1, "loShelfBypass": 0, "loShelfFreq": 150, "loShelfGain": 0, "loShelfRs": 1, "masterGain": 1.0, "midPeakBypass": 0, "midPeakFreq": 1000, "midPeakGain": 0, "midPeakRq": 1, "pan": 0.5, "reverb": 0.0 }, { "activeCompressor": 0, "activeEq": 1, "color": "#D9D9D9", "cpAttack": 0.01, "cpBias": 0.0, "cpGain": 0.0, "cpHpf": 50, "cpKnee": 0.0, "cpLookahead": 0.0, "cpRatio": 4, "cpRelease": 0.1, "cpSaturate": 1, "cpThresh": 0, "cpTrim": 0.0, "hiPassBypass": 1, "hiPassFreq": 100, "hiPassGain": 0, "hiPassRq": 1.4, "hiPeakBypass": 0, "hiPeakFreq": 3500, "hiPeakGain": 0, "hiPeakRq": 1, "hiShelfBypass": 0, "hiShelfFreq": 6000, "hiShelfGain": 0, "hiShelfRs": 1, "label": "d10", "loPassBypass": 1, "loPassFreq": 8000, "loPassGain": 0, "loPassRq": 1.4, "loPeakBypass": 0, "loPeakFreq": 250, "loPeakGain": 0, "loPeakRq": 1, "loShelfBypass": 0, "loShelfFreq": 150, "loShelfGain": 0, "loShelfRs": 1, "masterGain": 1.0, "midPeakBypass": 0, "midPeakFreq": 1000, "midPeakGain": 0, "midPeakRq": 1, "pan": 0.5, "reverb": 0.0 }, { "activeCompressor": 0, "activeEq": 1, "color": "#D9D9D9", "cpAttack": 0.01, "cpBias": 0.0, "cpGain": 0.0, "cpHpf": 50, "cpKnee": 0.0, "cpLookahead": 0.0, "cpRatio": 4, "cpRelease": 0.1, "cpSaturate": 1, "cpThresh": 0, "cpTrim": 0.0, "hiPassBypass": 1, "hiPassFreq": 100, "hiPassGain": 0, "hiPassRq": 1.4, "hiPeakBypass": 0, "hiPeakFreq": 3500, "hiPeakGain": 0, "hiPeakRq": 1, "hiShelfBypass": 0, "hiShelfFreq": 6000, "hiShelfGain": 0, "hiShelfRs": 1, "label": "d11", "loPassBypass": 1, "loPassFreq": 8000, "loPassGain": 0, "loPassRq": 1.4, "loPeakBypass": 0, "loPeakFreq": 250, "loPeakGain": 0, "loPeakRq": 1, "loShelfBypass": 0, "loShelfFreq": 150, "loShelfGain": 0, "loShelfRs": 1, "masterGain": 1.0, "midPeakBypass": 0, "midPeakFreq": 1000, "midPeakGain": 0, "midPeakRq": 1, "pan": 0.5, "reverb": 0.0 }, { "activeCompressor": 0, "activeEq": 1, "color": "#D9D9D9", "cpAttack": 0.01, "cpBias": 0.0, "cpGain": 0.0, "cpHpf": 50, "cpKnee": 0.0, "cpLookahead": 0.0, "cpRatio": 4, "cpRelease": 0.1, "cpSaturate": 1, "cpThresh": 0, "cpTrim": 0.0, "hiPassBypass": 1, "hiPassFreq": 100, "hiPassGain": 0, "hiPassRq": 1.4, "hiPeakBypass": 0, "hiPeakFreq": 3500, "hiPeakGain": 0, "hiPeakRq": 1, "hiShelfBypass": 0, "hiShelfFreq": 6000, "hiShelfGain": 0, "hiShelfRs": 1, "label": "d12", "loPassBypass": 1, "loPassFreq": 8000, "loPassGain": 0, "loPassRq": 1.4, "loPeakBypass": 0, "loPeakFreq": 250, "loPeakGain": 0, "loPeakRq": 1, "loShelfBypass": 0, "loShelfFreq": 150, "loShelfGain": 0, "loShelfRs": 1, "masterGain": 1.0, "midPeakBypass": 0, "midPeakFreq": 1000, "midPeakGain": 0, "midPeakRq": 1, "pan": 0.5, "reverb": 0.0 }, { "activeCompressor": 0, "activeEq": 1, "color": "#D9D9D9", "cpAttack": 0.01, "cpBias": 0.0, "cpGain": 0.0, "cpHpf": 50, "cpKnee": 0.0, "cpLookahead": 0.0, "cpRatio": 4, "cpRelease": 0.1, "cpSaturate": 1, "cpThresh": 0, "cpTrim": 0.0, "hiPassBypass": 1, "hiPassFreq": 100, "hiPassGain": 0, "hiPassRq": 1.4, "hiPeakBypass": 0, "hiPeakFreq": 3500, "hiPeakGain": 0, "hiPeakRq": 1, "hiShelfBypass": 0, "hiShelfFreq": 6000, "hiShelfGain": 0, "hiShelfRs": 1, "label": "d13", "loPassBypass": 1, "loPassFreq": 8000, "loPassGain": 0, "loPassRq": 1.4, "loPeakBypass": 0, "loPeakFreq": 250, "loPeakGain": 0, "loPeakRq": 1, "loShelfBypass": 0, "loShelfFreq": 150, "loShelfGain": 0, "loShelfRs": 1, "masterGain": 1.0, "midPeakBypass": 0, "midPeakFreq": 1000, "midPeakGain": 0, "midPeakRq": 1, "pan": 0.5, "reverb": 0.0 }, { "activeCompressor": 0, "activeEq": 1, "color": "#D9D9D9", "cpAttack": 0.01, "cpBias": 0.0, "cpGain": 0.0, "cpHpf": 50, "cpKnee": 0.0, "cpLookahead": 0.0, "cpRatio": 4, "cpRelease": 0.1, "cpSaturate": 1, "cpThresh": 0, "cpTrim": 0.0, "hiPassBypass": 1, "hiPassFreq": 100, "hiPassGain": 0, "hiPassRq": 1.4, "hiPeakBypass": 0, "hiPeakFreq": 3500, "hiPeakGain": 0, "hiPeakRq": 1, "hiShelfBypass": 0, "hiShelfFreq": 6000, "hiShelfGain": 0, "hiShelfRs": 1, "label": "d14", "loPassBypass": 1, "loPassFreq": 8000, "loPassGain": 0, "loPassRq": 1.4, "loPeakBypass": 0, "loPeakFreq": 250, "loPeakGain": 0, "loPeakRq": 1, "loShelfBypass": 0, "loShelfFreq": 150, "loShelfGain": 0, "loShelfRs": 1, "masterGain": 1.0, "midPeakBypass": 0, "midPeakFreq": 1000, "midPeakGain": 0, "midPeakRq": 1, "pan": 0.5, "reverb": 0.0 }, { "activeCompressor": 0, "activeEq": 1, "color": "#D9D9D9", "cpAttack": 0.01, "cpBias": 0.0, "cpGain": 0.0, "cpHpf": 50, "cpKnee": 0.0, "cpLookahead": 0.0, "cpRatio": 4, "cpRelease": 0.1, "cpSaturate": 1, "cpThresh": 0, "cpTrim": 0.0, "hiPassBypass": 1, "hiPassFreq": 100, "hiPassGain": 0, "hiPassRq": 1.4, "hiPeakBypass": 0, "hiPeakFreq": 3500, "hiPeakGain": 0, "hiPeakRq": 1, "hiShelfBypass": 0, "hiShelfFreq": 6000, "hiShelfGain": 0, "hiShelfRs": 1, "label": "d15", "loPassBypass": 1, "loPassFreq": 8000, "loPassGain": 0, "loPassRq": 1.4, "loPeakBypass": 0, "loPeakFreq": 250, "loPeakGain": 0, "loPeakRq": 1, "loShelfBypass": 0, "loShelfFreq": 150, "loShelfGain": 0, "loShelfRs": 1, "masterGain": 1.0, "midPeakBypass": 0, "midPeakFreq": 1000, "midPeakGain": 0, "midPeakRq": 1, "pan": 0.5, "reverb": 0.0 }, { "activeCompressor": 0, "activeEq": 1, "color": "#D9D9D9", "cpAttack": 0.01, "cpBias": 0.0, "cpGain": 0.0, "cpHpf": 50, "cpKnee": 0.0, "cpLookahead": 0.0, "cpRatio": 4, "cpRelease": 0.1, "cpSaturate": 1, "cpThresh": 0, "cpTrim": 0.0, "hiPassBypass": 1, "hiPassFreq": 100, "hiPassGain": 0, "hiPassRq": 1.4, "hiPeakBypass": 0, "hiPeakFreq": 3500, "hiPeakGain": 0, "hiPeakRq": 1, "hiShelfBypass": 0, "hiShelfFreq": 6000, "hiShelfGain": 0, "hiShelfRs": 1, "label": "d16", "loPassBypass": 1, "loPassFreq": 8000, "loPassGain": 0, "loPassRq": 1.4, "loPeakBypass": 0, "loPeakFreq": 250, "loPeakGain": 0, "loPeakRq": 1, "loShelfBypass": 0, "loShelfFreq": 150, "loShelfGain": 0, "loShelfRs": 1, "masterGain": 1.0, "midPeakBypass": 0, "midPeakFreq": 1000, "midPeakGain": 0, "midPeakRq": 1, "pan": 0.5, "reverb": 0.0 }, { "activeCompressor": 0, "activeEq": 1, "color": "#D9D9D9", "cpAttack": 0.01, "cpBias": 0.0, "cpGain": 0.0, "cpHpf": 50, "cpKnee": 0.0, "cpLookahead": 0.0, "cpRatio": 4, "cpRelease": 0.1, "cpSaturate": 1, "cpThresh": 0, "cpTrim": 0.0, "hiPassBypass": 1, "hiPassFreq": 100, "hiPassGain": 0, "hiPassRq": 1.4, "hiPeakBypass": 0, "hiPeakFreq": 3500, "hiPeakGain": 0, "hiPeakRq": 1, "hiShelfBypass": 0, "hiShelfFreq": 6000, "hiShelfGain": 0, "hiShelfRs": 1, "label": "d17", "loPassBypass": 1, "loPassFreq": 8000, "loPassGain": 0, "loPassRq": 1.4, "loPeakBypass": 0, "loPeakFreq": 250, "loPeakGain": 0, "loPeakRq": 1, "loShelfBypass": 0, "loShelfFreq": 150, "loShelfGain": 0, "loShelfRs": 1, "masterGain": 1.0, "midPeakBypass": 0, "midPeakFreq": 1000, "midPeakGain": 0, "midPeakRq": 1, "pan": 0.5, "reverb": 0.0 }, { "activeCompressor": 0, "activeEq": 1, "color": "#D9D9D9", "cpAttack": 0.01, "cpBias": 0.0, "cpGain": 0.0, "cpHpf": 50, "cpKnee": 0.0, "cpLookahead": 0.0, "cpRatio": 4, "cpRelease": 0.1, "cpSaturate": 1, "cpThresh": 0, "cpTrim": 0.0, "hiPassBypass": 1, "hiPassFreq": 100, "hiPassGain": 0, "hiPassRq": 1.4, "hiPeakBypass": 0, "hiPeakFreq": 3500, "hiPeakGain": 0, "hiPeakRq": 1, "hiShelfBypass": 0, "hiShelfFreq": 6000, "hiShelfGain": 0, "hiShelfRs": 1, "label": "d18", "loPassBypass": 1, "loPassFreq": 8000, "loPassGain": 0, "loPassRq": 1.4, "loPeakBypass": 0, "loPeakFreq": 250, "loPeakGain": 0, "loPeakRq": 1, "loShelfBypass": 0, "loShelfFreq": 150, "loShelfGain": 0, "loShelfRs": 1, "masterGain": 1.0, "midPeakBypass": 0, "midPeakFreq": 1000, "midPeakGain": 0, "midPeakRq": 1, "pan": 0.5, "reverb": 0.0 }, { "activeCompressor": 0, "activeEq": 1, "color": "#D9D9D9", "cpAttack": 0.01, "cpBias": 0.0, "cpGain": 0.0, "cpHpf": 50, "cpKnee": 0.0, "cpLookahead": 0.0, "cpRatio": 4, "cpRelease": 0.1, "cpSaturate": 1, "cpThresh": 0, "cpTrim": 0.0, "hiPassBypass": 1, "hiPassFreq": 100, "hiPassGain": 0, "hiPassRq": 1.4, "hiPeakBypass": 0, "hiPeakFreq": 3500, "hiPeakGain": 0, "hiPeakRq": 1, "hiShelfBypass": 0, "hiShelfFreq": 6000, "hiShelfGain": 0, "hiShelfRs": 1, "label": "d19", "loPassBypass": 1, "loPassFreq": 8000, "loPassGain": 0, "loPassRq": 1.4, "loPeakBypass": 0, "loPeakFreq": 250, "loPeakGain": 0, "loPeakRq": 1, "loShelfBypass": 0, "loShelfFreq": 150, "loShelfGain": 0, "loShelfRs": 1, "masterGain": 1.0, "midPeakBypass": 0, "midPeakFreq": 1000, "midPeakGain": 0, "midPeakRq": 1, "pan": 0.5, "reverb": 0.0 }, { "activeCompressor": 0, "activeEq": 1, "color": "#D9D9D9", "cpAttack": 0.01, "cpBias": 0.0, "cpGain": 0.0, "cpHpf": 50, "cpKnee": 0.0, "cpLookahead": 0.0, "cpRatio": 4, "cpRelease": 0.1, "cpSaturate": 1, "cpThresh": 0, "cpTrim": 0.0, "hiPassBypass": 1, "hiPassFreq": 100, "hiPassGain": 0, "hiPassRq": 1.4, "hiPeakBypass": 0, "hiPeakFreq": 3500, "hiPeakGain": 0, "hiPeakRq": 1, "hiShelfBypass": 0, "hiShelfFreq": 6000, "hiShelfGain": 0, "hiShelfRs": 1, "label": "d20", "loPassBypass": 1, "loPassFreq": 8000, "loPassGain": 0, "loPassRq": 1.4, "loPeakBypass": 0, "loPeakFreq": 250, "loPeakGain": 0, "loPeakRq": 1, "loShelfBypass": 0, "loShelfFreq": 150, "loShelfGain": 0, "loShelfRs": 1, "masterGain": 1.0, "midPeakBypass": 0, "midPeakFreq": 1000, "midPeakGain": 0, "midPeakRq": 1, "pan": 0.5, "reverb": 0.0 }, { "activeCompressor": 0, "activeEq": 1, "color": "#D9D9D9", "cpAttack": 0.01, "cpBias": 0.0, "cpGain": 0.0, "cpHpf": 50, "cpKnee": 0.0, "cpLookahead": 0.0, "cpRatio": 4, "cpRelease": 0.1, "cpSaturate": 1, "cpThresh": 0, "cpTrim": 0.0, "hiPassBypass": 1, "hiPassFreq": 100, "hiPassGain": 0, "hiPassRq": 1.4, "hiPeakBypass": 0, "hiPeakFreq": 3500, "hiPeakGain": 0, "hiPeakRq": 1, "hiShelfBypass": 0, "hiShelfFreq": 6000, "hiShelfGain": 0, "hiShelfRs": 1, "label": "d21", "loPassBypass": 1, "loPassFreq": 8000, "loPassGain": 0, "loPassRq": 1.4, "loPeakBypass": 0, "loPeakFreq": 250, "loPeakGain": 0, "loPeakRq": 1, "loShelfBypass": 0, "loShelfFreq": 150, "loShelfGain": 0, "loShelfRs": 1, "masterGain": 1.0, "midPeakBypass": 0, "midPeakFreq": 1000, "midPeakGain": 0, "midPeakRq": 1, "pan": 0.5, "reverb": 0.0 }, { "activeCompressor": 0, "activeEq": 1, "color": "#D9D9D9", "cpAttack": 0.01, "cpBias": 0.0, "cpGain": 0.0, "cpHpf": 50, "cpKnee": 0.0, "cpLookahead": 0.0, "cpRatio": 4, "cpRelease": 0.1, "cpSaturate": 1, "cpThresh": 0, "cpTrim": 0.0, "hiPassBypass": 1, "hiPassFreq": 100, "hiPassGain": 0, "hiPassRq": 1.4, "hiPeakBypass": 0, "hiPeakFreq": 3500, "hiPeakGain": 0, "hiPeakRq": 1, "hiShelfBypass": 0, "hiShelfFreq": 6000, "hiShelfGain": 0, "hiShelfRs": 1, "label": "d22", "loPassBypass": 1, "loPassFreq": 8000, "loPassGain": 0, "loPassRq": 1.4, "loPeakBypass": 0, "loPeakFreq": 250, "loPeakGain": 0, "loPeakRq": 1, "loShelfBypass": 0, "loShelfFreq": 150, "loShelfGain": 0, "loShelfRs": 1, "masterGain": 1.0, "midPeakBypass": 0, "midPeakFreq": 1000, "midPeakGain": 0, "midPeakRq": 1, "pan": 0.5, "reverb": 0.0 }, { "activeCompressor": 0, "activeEq": 1, "color": "#D9D9D9", "cpAttack": 0.01, "cpBias": 0.0, "cpGain": 0.0, "cpHpf": 50, "cpKnee": 0.0, "cpLookahead": 0.0, "cpRatio": 4, "cpRelease": 0.1, "cpSaturate": 1, "cpThresh": 0, "cpTrim": 0.0, "hiPassBypass": 1, "hiPassFreq": 100, "hiPassGain": 0, "hiPassRq": 1.4, "hiPeakBypass": 0, "hiPeakFreq": 3500, "hiPeakGain": 0, "hiPeakRq": 1, "hiShelfBypass": 0, "hiShelfFreq": 6000, "hiShelfGain": 0, "hiShelfRs": 1, "label": "d23", "loPassBypass": 1, "loPassFreq": 8000, "loPassGain": 0, "loPassRq": 1.4, "loPeakBypass": 0, "loPeakFreq": 250, "loPeakGain": 0, "loPeakRq": 1, "loShelfBypass": 0, "loShelfFreq": 150, "loShelfGain": 0, "loShelfRs": 1, "masterGain": 1.0, "midPeakBypass": 0, "midPeakFreq": 1000, "midPeakGain": 0, "midPeakRq": 1, "pan": 0.5, "reverb": 0.0 }, { "activeCompressor": 0, "activeEq": 1, "color": "#D9D9D9", "cpAttack": 0.01, "cpBias": 0.0, "cpGain": 0.0, "cpHpf": 50, "cpKnee": 0.0, "cpLookahead": 0.0, "cpRatio": 4, "cpRelease": 0.1, "cpSaturate": 1, "cpThresh": 0, "cpTrim": 0.0, "hiPassBypass": 1, "hiPassFreq": 100, "hiPassGain": 0, "hiPassRq": 1.4, "hiPeakBypass": 0, "hiPeakFreq": 3500, "hiPeakGain": 0, "hiPeakRq": 1, "hiShelfBypass": 0, "hiShelfFreq": 6000, "hiShelfGain": 0, "hiShelfRs": 1, "label": "d24", "loPassBypass": 1, "loPassFreq": 8000, "loPassGain": 0, "loPassRq": 1.4, "loPeakBypass": 0, "loPeakFreq": 250, "loPeakGain": 0, "loPeakRq": 1, "loShelfBypass": 0, "loShelfFreq": 150, "loShelfGain": 0, "loShelfRs": 1, "masterGain": 1.0, "midPeakBypass": 0, "midPeakFreq": 1000, "midPeakGain": 0, "midPeakRq": 1, "pan": 0.5, "reverb": 0.0 }, { "activeCompressor": 0, "activeEq": 1, "color": "#D9D9D9", "cpAttack": 0.01, "cpBias": 0.0, "cpGain": 0.0, "cpHpf": 50, "cpKnee": 0.0, "cpLookahead": 0.0, "cpRatio": 4, "cpRelease": 0.1, "cpSaturate": 1, "cpThresh": 0, "cpTrim": 0.0, "hiPassBypass": 1, "hiPassFreq": 100, "hiPassGain": 0, "hiPassRq": 1.4, "hiPeakBypass": 0, "hiPeakFreq": 3500, "hiPeakGain": 0, "hiPeakRq": 1, "hiShelfBypass": 0, "hiShelfFreq": 6000, "hiShelfGain": 0, "hiShelfRs": 1, "label": "d25", "loPassBypass": 1, "loPassFreq": 8000, "loPassGain": 0, "loPassRq": 1.4, "loPeakBypass": 0, "loPeakFreq": 250, "loPeakGain": 0, "loPeakRq": 1, "loShelfBypass": 0, "loShelfFreq": 150, "loShelfGain": 0, "loShelfRs": 1, "masterGain": 1.0, "midPeakBypass": 0, "midPeakFreq": 1000, "midPeakGain": 0, "midPeakRq": 1, "pan": 0.5, "reverb": 0.0 }, { "activeCompressor": 0, "activeEq": 1, "color": "#D9D9D9", "cpAttack": 0.01, "cpBias": 0.0, "cpGain": 0.0, "cpHpf": 50, "cpKnee": 0.0, "cpLookahead": 0.0, "cpRatio": 4, "cpRelease": 0.1, "cpSaturate": 1, "cpThresh": 0, "cpTrim": 0.0, "hiPassBypass": 1, "hiPassFreq": 100, "hiPassGain": 0, "hiPassRq": 1.4, "hiPeakBypass": 0, "hiPeakFreq": 3500, "hiPeakGain": 0, "hiPeakRq": 1, "hiShelfBypass": 0, "hiShelfFreq": 6000, "hiShelfGain": 0, "hiShelfRs": 1, "label": "d26", "loPassBypass": 1, "loPassFreq": 8000, "loPassGain": 0, "loPassRq": 1.4, "loPeakBypass": 0, "loPeakFreq": 250, "loPeakGain": 0, "loPeakRq": 1, "loShelfBypass": 0, "loShelfFreq": 150, "loShelfGain": 0, "loShelfRs": 1, "masterGain": 1.0, "midPeakBypass": 0, "midPeakFreq": 1000, "midPeakGain": 0, "midPeakRq": 1, "pan": 0.5, "reverb": 0.0 }, { "activeCompressor": 0, "activeEq": 1, "color": "#D9D9D9", "cpAttack": 0.01, "cpBias": 0.0, "cpGain": 0.0, "cpHpf": 50, "cpKnee": 0.0, "cpLookahead": 0.0, "cpRatio": 4, "cpRelease": 0.1, "cpSaturate": 1, "cpThresh": 0, "cpTrim": 0.0, "hiPassBypass": 1, "hiPassFreq": 100, "hiPassGain": 0, "hiPassRq": 1.4, "hiPeakBypass": 0, "hiPeakFreq": 3500, "hiPeakGain": 0, "hiPeakRq": 1, "hiShelfBypass": 0, "hiShelfFreq": 6000, "hiShelfGain": 0, "hiShelfRs": 1, "label": "d27", "loPassBypass": 1, "loPassFreq": 8000, "loPassGain": 0, "loPassRq": 1.4, "loPeakBypass": 0, "loPeakFreq": 250, "loPeakGain": 0, "loPeakRq": 1, "loShelfBypass": 0, "loShelfFreq": 150, "loShelfGain": 0, "loShelfRs": 1, "masterGain": 1.0, "midPeakBypass": 0, "midPeakFreq": 1000, "midPeakGain": 0, "midPeakRq": 1, "pan": 0.5, "reverb": 0.0 }, { "activeCompressor": 0, "activeEq": 1, "color": "#D9D9D9", "cpAttack": 0.01, "cpBias": 0.0, "cpGain": 0.0, "cpHpf": 50, "cpKnee": 0.0, "cpLookahead": 0.0, "cpRatio": 4, "cpRelease": 0.1, "cpSaturate": 1, "cpThresh": 0, "cpTrim": 0.0, "hiPassBypass": 1, "hiPassFreq": 100, "hiPassGain": 0, "hiPassRq": 1.4, "hiPeakBypass": 0, "hiPeakFreq": 3500, "hiPeakGain": 0, "hiPeakRq": 1, "hiShelfBypass": 0, "hiShelfFreq": 6000, "hiShelfGain": 0, "hiShelfRs": 1, "label": "d28", "loPassBypass": 1, "loPassFreq": 8000, "loPassGain": 0, "loPassRq": 1.4, "loPeakBypass": 0, "loPeakFreq": 250, "loPeakGain": 0, "loPeakRq": 1, "loShelfBypass": 0, "loShelfFreq": 150, "loShelfGain": 0, "loShelfRs": 1, "masterGain": 1.0, "midPeakBypass": 0, "midPeakFreq": 1000, "midPeakGain": 0, "midPeakRq": 1, "pan": 0.5, "reverb": 0.0 }, { "activeCompressor": 0, "activeEq": 1, "color": "#D9D9D9", "cpAttack": 0.01, "cpBias": 0.0, "cpGain": 0.0, "cpHpf": 50, "cpKnee": 0.0, "cpLookahead": 0.0, "cpRatio": 4, "cpRelease": 0.1, "cpSaturate": 1, "cpThresh": 0, "cpTrim": 0.0, "hiPassBypass": 1, "hiPassFreq": 100, "hiPassGain": 0, "hiPassRq": 1.4, "hiPeakBypass": 0, "hiPeakFreq": 3500, "hiPeakGain": 0, "hiPeakRq": 1, "hiShelfBypass": 0, "hiShelfFreq": 6000, "hiShelfGain": 0, "hiShelfRs": 1, "label": "d29", "loPassBypass": 1, "loPassFreq": 8000, "loPassGain": 0, "loPassRq": 1.4, "loPeakBypass": 0, "loPeakFreq": 250, "loPeakGain": 0, "loPeakRq": 1, "loShelfBypass": 0, "loShelfFreq": 150, "loShelfGain": 0, "loShelfRs": 1, "masterGain": 1.0, "midPeakBypass": 0, "midPeakFreq": 1000, "midPeakGain": 0, "midPeakRq": 1, "pan": 0.5, "reverb": 0.0 }, { "activeCompressor": 0, "activeEq": 1, "color": "#D9D9D9", "cpAttack": 0.01, "cpBias": 0.0, "cpGain": 0.0, "cpHpf": 50, "cpKnee": 0.0, "cpLookahead": 0.0, "cpRatio": 4, "cpRelease": 0.1, "cpSaturate": 1, "cpThresh": 0, "cpTrim": 0.0, "hiPassBypass": 1, "hiPassFreq": 100, "hiPassGain": 0, "hiPassRq": 1.4, "hiPeakBypass": 0, "hiPeakFreq": 3500, "hiPeakGain": 0, "hiPeakRq": 1, "hiShelfBypass": 0, "hiShelfFreq": 6000, "hiShelfGain": 0, "hiShelfRs": 1, "label": "d30", "loPassBypass": 1, "loPassFreq": 8000, "loPassGain": 0, "loPassRq": 1.4, "loPeakBypass": 0, "loPeakFreq": 250, "loPeakGain": 0, "loPeakRq": 1, "loShelfBypass": 0, "loShelfFreq": 150, "loShelfGain": 0, "loShelfRs": 1, "masterGain": 1.0, "midPeakBypass": 0, "midPeakFreq": 1000, "midPeakGain": 0, "midPeakRq": 1, "pan": 0.5, "reverb": 0.0 }, { "activeCompressor": 0, "activeEq": 1, "color": "#D9D9D9", "cpAttack": 0.01, "cpBias": 0.0, "cpGain": 0.0, "cpHpf": 50, "cpKnee": 0.0, "cpLookahead": 0.0, "cpRatio": 4, "cpRelease": 0.1, "cpSaturate": 1, "cpThresh": 0, "cpTrim": 0.0, "hiPassBypass": 1, "hiPassFreq": 100, "hiPassGain": 0, "hiPassRq": 1.4, "hiPeakBypass": 0, "hiPeakFreq": 3500, "hiPeakGain": 0, "hiPeakRq": 1, "hiShelfBypass": 0, "hiShelfFreq": 6000, "hiShelfGain": 0, "hiShelfRs": 1, "label": "d31", "loPassBypass": 1, "loPassFreq": 8000, "loPassGain": 0, "loPassRq": 1.4, "loPeakBypass": 0, "loPeakFreq": 250, "loPeakGain": 0, "loPeakRq": 1, "loShelfBypass": 0, "loShelfFreq": 150, "loShelfGain": 0, "loShelfRs": 1, "masterGain": 1.0, "midPeakBypass": 0, "midPeakFreq": 1000, "midPeakGain": 0, "midPeakRq": 1, "pan": 0.5, "reverb": 0.0 }, { "activeCompressor": 0, "activeEq": 1, "color": "#D9D9D9", "cpAttack": 0.01, "cpBias": 0.0, "cpGain": 0.0, "cpHpf": 50, "cpKnee": 0.0, "cpLookahead": 0.0, "cpRatio": 4, "cpRelease": 0.1, "cpSaturate": 1, "cpThresh": 0, "cpTrim": 0.0, "hiPassBypass": 1, "hiPassFreq": 100, "hiPassGain": 0, "hiPassRq": 1.4, "hiPeakBypass": 0, "hiPeakFreq": 3500, "hiPeakGain": 0, "hiPeakRq": 1, "hiShelfBypass": 0, "hiShelfFreq": 6000, "hiShelfGain": 0, "hiShelfRs": 1, "label": "d32", "loPassBypass": 1, "loPassFreq": 8000, "loPassGain": 0, "loPassRq": 1.4, "loPeakBypass": 0, "loPeakFreq": 250, "loPeakGain": 0, "loPeakRq": 1, "loShelfBypass": 0, "loShelfFreq": 150, "loShelfGain": 0, "loShelfRs": 1, "masterGain": 1.0, "midPeakBypass": 0, "midPeakFreq": 1000, "midPeakGain": 0, "midPeakRq": 1, "pan": 0.5, "reverb": 0.0 } ]